,property,location,price,area,furnished status,additional details
0,2 BHK Apartment,"Konanakunte, Bangalore",64.9 L,1180,Under Construction Construction Status,2 BathroomsNew East facing
1,3 BHK Apartment,"Devarachikkana Halli, Bangalore",80 L,1615,Under Construction Construction Status,3 BathroomsNew East facing
2,2 BHK Apartment,"Konanakunte, Bangalore",61.6 L,1120,Under Construction Construction Status,2 BathroomsNew East facing
3,3 BHK Apartment,"hongasandra bangalore, Bangalore",79 L,1494,Under Construction Construction Status,3 BathroomsNew North facing
4,3 BHK Apartment,"J. P. Nagar, Bangalore",74.5 L,1307,Under Construction Construction Status,2 BathroomsNew North facing
5,3 BHK Apartment,"J. P. Nagar, Bangalore",74.52 L,1355,Under Construction Construction Status,2 BathroomsNew East facing
6,3 BHK Apartment,"J. P. Nagar, Bangalore",76.89 L,1349,Under Construction Construction Status,2 BathroomsNew East facing
7,3 BHK Apartment,"J. P. Nagar, Bangalore",70.39 L,1235,Under Construction Construction Status,2 BathroomsNew East facing
8,3 BHK Apartment,"J. P. Nagar, Bangalore",74.83 L,1305,Under Construction Construction Status,2 BathroomsNew East facing
9,3 BHK Apartment,"Konanakunte, Bangalore",76.89 L,1349,Under Construction Construction Status,2 BathroomsNew East facing
10,3 BHK Apartment,"J. P. Nagar, Bangalore",74.49 L,1307,Under Construction Construction Status,2 BathroomsNew North facing
11,3 BHK Apartment,"Konanakunte, Bangalore",72.23 L,1355,Under Construction Construction Status,2 BathroomsNew North facing
12,3 BHK Apartment,"J. P. Nagar, Bangalore",72.39 L,1270,Under Construction Construction Status,2 BathroomsNew North facing
13,3 BHK Apartment in Reputed Builder Residency,"JP Nagar Phase 5, Bangalore",1.8 Cr,1800,Ready to move Construction Status,16 - 17 years old3 BathroomsResale
14,3 BHK Apartment,"J. P. Nagar, Bangalore",71.82 L,1260,Under Construction Construction Status,2 BathroomsNew North facing
15,3 BHK Apartment,"J. P. Nagar, Bangalore",74.25 L,1350,Under Construction Construction Status,2 BathroomsNew North facing
16,3 BHK Apartment,"Konanakunte, Bangalore",74.38 L,1305,Under Construction Construction Status,2 BathroomsNew East facing
17,5 BHK Independent House,"NRI Layout, Bangalore",1.85 Cr,3000,Ready to move Construction Status,5 BathroomsNew NorthWest facing
18,3 BHK Apartment,"Banashankari, Bangalore",1.43 Cr,1800,Ready to move Construction Status,3 BathroomsNew North facing
19,3 BHK Apartment in Reputed Builder Residency,"JP Nagar Phase 5, Bangalore",1.8 Cr,1800,Ready to move Construction Status,16 - 17 years old3 BathroomsResale
20,3 BHK Apartment,"Begur, Bangalore",80 L,1540,Under Construction Construction Status,3 BathroomsNew East facing
21,3 BHK Apartment,"Devarachikkana Halli, Bangalore",80 L,1665,Under Construction Construction Status,3 BathroomsNew North facing
22,3 BHK Apartment,"Konanakunte, Bangalore",74.25 L,1350,Under Construction Construction Status,2 BathroomsNew North facing
23,3 BHK Apartment,"hongasandra bangalore, Bangalore",82 L,1615,Under Construction Construction Status,3 BathroomsNew East facing
24,3 BHK Apartment,"Sarjapur, Bangalore",47.5 L,1296,Ready to move Construction Status,2 BathroomsResale
25,2 BHK Apartment in Srinivasa Srinis Urbane,"Sarjapur, Bangalore",79.5 L,1080,Ready to move Construction Status,2 BathroomsResale North facing
26,2 BHK Apartment,"Indira Nagar, Bangalore",1.4 Cr,1200,Under Construction Construction Status,2 BathroomsNew
27,3 BHK Apartment in Swaraj Homes Sai Uday Mohan Apartments,"Indira Nagar, Bangalore",1.82 Cr,1530,Ready to move Construction Status,3 BathroomsResale
28,1 BHK Apartment in Nitesh Hyde Park,"Hulimavu, Bangalore",52 L,700,Ready to move Construction Status,2 years old1 BathroomsResale
29,2 BHK Apartment in Nitesh Hyde Park,"Hulimavu, Bangalore",69 L,1000,Ready to move Construction Status,2 years old2 BathroomsResale
30,2 BHK Apartment in Reputed Builder Suguna Opal,"Hebbal, Bangalore",85 L,1300,Ready to move Construction Status,14 - 15 years old2 BathroomsResale
31,3 BHK Apartment,"J. P. Nagar, Bangalore",71.82 L,1260,Under Construction Construction Status,2 BathroomsNew North facing
32,4 BHK Apartment in Assetz ASSETZ 66 & SHIBUI,"Whitefield, Bangalore",4.8 Cr,3044,Under Construction Construction Status,Possession by Jun 20284 BathroomsNew
33,3 BHK Apartment in Assetz ASSETZ 66 & SHIBUI,"Whitefield, Bangalore",3.34 Cr,2154,Under Construction Construction Status,Possession by Jun 20283 BathroomsNew
34,1 BHK Apartment in Provident Capella,"Whitefield Hope Farm Junction, Bangalore",65 L,568,Under Construction Construction Status,Possession by May 20251 BathroomsNew
35,Residential Plot,"Kengeri Satellite Town, Bangalore",89 L,1200,Resale New/Resale,
36,3 BHK Apartment,"Bilekahalli, Bangalore",1.68 Cr,2285,Ready to move Construction Status,3 BathroomsResale North facing
37,4 BHK Apartment in Tata The Promont,"Banashankari, Bangalore",4 Cr,3300,Ready to move Construction Status,6 - 7 years old4 BathroomsResale
38,3 BHK Apartment,"Gottigere, Bangalore",75.1 L,1250,Ready to move Construction Status,3 BathroomsNew
39,2 BHK Apartment in Sai Nandana Gardenia,"Gottigere, Bangalore",74.35 L,1240,Ready to move Construction Status,7 - 8 years old2 BathroomsNew
40,3 BHK Apartment in 5 Elements Sai Nandana Grandeur,"Begur, Bangalore",84.65 L,1410,Ready to move Construction Status,2 - 3 years old3 BathroomsNew
41,2 BHK Apartment,"Hulimavu, Bangalore",73.85 L,1224,Ready to move Construction Status,2 BathroomsNew
42,3 BHK Apartment,"Attibele Industrial Area, Bangalore",63.85 L,1658,Ready to move Construction Status,6 - 7 years old2 BathroomsNew
43,3 BHK Apartment,"Attibele Industrial Area, Bangalore",64.35 L,1672,Ready to move Construction Status,6 - 7 years old2 BathroomsNew
44,3 BHK Apartment,"Gottigere, Bangalore",75.1 L,1250,Ready to move Construction Status,3 BathroomsNew
45,2 BHK Apartment in Sai Nandana Gardenia,"Gottigere, Bangalore",74.35 L,1240,Ready to move Construction Status,7 - 8 years old2 BathroomsNew
46,2 BHK Apartment in Savitri Balaji Ashirvaad Elite,"Gottigere, Bangalore",74.35 L,1240,Ready to move Construction Status,5 - 6 years old2 BathroomsNew
47,2 BHK Apartment in Savitri Balaji Ashirvaad Elite,"Gottigere, Bangalore",76.75 L,1280,Ready to move Construction Status,5 - 6 years old2 BathroomsNew
48,2 BHK Apartment in 5 Elements Sai Nandana Grandeur,"Begur, Bangalore",74.65 L,1250,Ready to move Construction Status,2 - 3 years old2 BathroomsNew
49,2 BHK Apartment,"Gottigere, Bangalore",76.15 L,1270,Ready to move Construction Status,2 BathroomsNew
50,3 BHK Apartment,"Kalena Agrahara, Bangalore",88.2 L,1470,Ready to move Construction Status,8 - 9 years old3 BathroomsNew
51,2 BHK Apartment in ATZ Rock View,"Thanisandra, Bangalore",73 L,1300,Ready to move Construction Status,7 - 8 years old2 BathroomsResale
52,5 BHK Independent House,"Mallathahalli, Bangalore",3.5 Cr,4000,Ready to move Construction Status,5 BathroomsNew East facing
53,4 BHK Independent House,"Jnana Ganga Nagar, Bangalore",2.35 Cr,2800,Ready to move Construction Status,6 - 7 years old4 BathroomsNew
54,2 BHK Apartment in Candeur Landmark,"Varthur, Bangalore",1.35 Cr,1380,Ready to move Construction Status,2 BathroomsResale
55,3 BHK Apartment,"Kalena Agrahara, Bangalore",84.25 L,1400,Ready to move Construction Status,8 - 9 years old3 BathroomsNew
56,3 BHK Apartment,"Kalena Agrahara, Bangalore",84.55 L,1410,Ready to move Construction Status,8 - 9 years old3 BathroomsNew
57,2 BHK Apartment,"Gottigere, Bangalore",74.6 L,1300,Ready to move Construction Status,2 BathroomsNew
58,3 BHK Apartment,"Kalena Agrahara, Bangalore",79.75 L,1330,Ready to move Construction Status,8 - 9 years old2 BathroomsNew
59,2 BHK Apartment in Yuva Sunrise,"Anekal City, Bangalore",50.44 L,1280,Ready to move Construction Status,0 - 1 year old2 BathroomsNew
60,1 BHK Apartment,"Yadavanahalli, Bangalore",26.2 L,655,Under Construction Construction Status,1 BathroomsNew
61,2 BHK Apartment in Yuva Sunrise,"Anekal City, Bangalore",49.23 L,1246,Ready to move Construction Status,0 - 1 year old2 BathroomsNew
62,3 BHK Apartment,"Gottigere, Bangalore",77.75 L,1295,Ready to move Construction Status,3 BathroomsNew
63,Residential Plot,"J. P. Nagar, Bangalore",2.5 Cr,2400,Resale New/Resale,4 - 5 years old1 open sides
64,Residential Plot,"Dargajogihalli, Bangalore",80 L,1500,New New/Resale,3 - 4 years old2 open sides
65,Residential Plot,"Kammanahalli, Bangalore",1.03 Cr,690,New New/Resale,1 open sides
66,Residential Plot,"Aavalahalli, Bangalore",83.4 L,1200,New New/Resale,3 open sides
67,Residential Plot,"Aavalahalli, Bangalore",1.04 Cr,1500,New New/Resale,3 open sides
68,Residential Plot,"Aavalahalli, Bangalore",1.66 Cr,2400,New New/Resale,3 open sides
69,Residential Plot,"Aavalahalli, Bangalore",59.4 L,1200,New New/Resale,3 open sides
70,Residential Plot,"Ramasandra, Bangalore",1.63 Cr,990,Resale New/Resale,4 - 5 years old2 open sidesEast facing
71,4 BHK Apartment in CNTC India The Presidential Tower,"Yeshwantpur, Bangalore",5 Cr,3055,Under Construction Construction Status,4 BathroomsNew West facing
72,Residential Plot,"Horamavu, Bangalore",1.78 Cr,1560,Resale New/Resale,1 open sidesNorth facing
73,Residential Plot,"Gopalapura, Bangalore",52 L,2000,Resale New/Resale,3 - 4 years old3 open sides
74,Residential Plot,"Gopalapura, Bangalore",31.2 L,1200,Resale New/Resale,3 - 4 years old3 open sides
75,Residential Plot in Sizzle Serenity Woods,"Kadugodi, Bangalore",79 L,1000,New New/Resale,0 - 1 year old1 open sidesEast facing
76,Residential Plot in JR Garden Retreat,"Chandapura, Bangalore",75 L,2400,Resale New/Resale,1 open sidesWest facing
77,Residential Plot,"Banashankari, Bangalore",2 Cr,1634,Resale New/Resale,1 open sidesWest facing
78,Residential Plot,"Jalahalli, Bangalore",10.78 L,1200,New New/Resale,4 open sides
79,Residential Plot,"Jnana Ganga Nagar, Bangalore",1.63 Cr,1200,Resale New/Resale,6 - 7 years old1 open sidesEast facing
80,Residential Plot,"Annapurneshwari Nagar, Bangalore",2.41 Cr,2400,Resale New/Resale,8 years old3 open sidesEast facing
81,Residential Plot,"Chikballapur, Bangalore",28 L,2556,Resale New/Resale,South facing
82,Residential Plot,"Kengeri Satellite Town, Bangalore",2.76 Cr,2400,Resale New/Resale,4 open sidesSouth facing
83,Residential Plot,"Subramanyapura, Bangalore",1.31 Cr,1380,Resale New/Resale,1 open sidesSouth facing
84,4 BHK Villa,"Basaveswarnagar, Bangalore",1.6 Cr,2200,Ready to move Construction Status,4 BathroomsResale North facing
85,4 BHK Villa,"RR Nagar, Bangalore",3.95 Cr,4515,Ready to move Construction Status,5 BathroomsNew East facing
86,3 BHK Apartment in Gravity Gravity Aranya,"Kengeri, Bangalore",2.7 Cr,2650,Under Construction Construction Status,Possession by Dec 20252 BathroomsNew
87,2 BHK Apartment,"Thanisandra, Bangalore",1.08 Cr,1195,Under Construction Construction Status,2 BathroomsNew East facing
88,3 BHK Apartment,"Thanisandra, Bangalore",1.34 Cr,1480,Under Construction Construction Status,3 BathroomsNew East facing
89,2 BHK Apartment in Elegant Terraces,"RR Nagar, Bangalore",1.15 Cr,1399,Under Construction Construction Status,Possession by Aug 20242 BathroomsNew
90,3 BHK Apartment,"RR Nagar, Bangalore",1.3 Cr,1531,Under Construction Construction Status,3 BathroomsNew East facing
91,2 BHK Apartment in Brigade Aurum At Brigade El Dorado,"Huvinayakanahalli, Bangalore",77.51 L,974,Under Construction Construction Status,Possession by Nov 20272 BathroomsNew
92,2 BHK Apartment in Tata New Haven Bengaluru,"Nelamangala, Bangalore",51.53 L,814,Under Construction Construction Status,2 BathroomsNew East facing
93,2 BHK Apartment in VBC Oracle Sunrise,"Chowdasandra, Bangalore",75 L,1232,Under Construction Construction Status,Possession by Nov 20242 BathroomsNew
94,3 BHK Villa in Mana Daintree By Mana,"Sarjapur, Bangalore",2.8 Cr,3092,Under Construction Construction Status,Possession by Nov 20243 BathroomsNew
95,Residential Plot,"Hennur, Bangalore",1.8 Cr,2400,Resale New/Resale,3 open sidesSouthEast facing
96,5 BHK Independent House,"Kodipalya, Bangalore",1.38 Cr,3200,Ready to move Construction Status,5 BathroomsResale
97,10 BHK Independent House,"Laggere, Bangalore",1.5 Cr,4000,Ready to move Construction Status,8 - 9 years old11 BathroomsResale
98,3 BHK Independent House,"Mallathahalli, Bangalore",1.3 Cr,1800,Ready to move Construction Status,4 BathroomsNew
99,2 BHK Independent House,"Nagadevanahalli, Bangalore",78 L,500,Ready to move Construction Status,1 BathroomsResale
100,7 BHK Independent House,"HBR Layout, Bangalore",6 Cr,12000,Ready to move Construction Status,7 BathroomsResale
101,8 BHK Independent House,"HBR Layout, Bangalore",3.35 Cr,3000,Ready to move Construction Status,8 BathroomsResale
102,9 BHK Independent House,"Lakeview Residency, Bangalore",2.15 Cr,4300,Ready to move Construction Status,7 - 8 years old6 BathroomsResale
103,2 BHK Apartment in GP Aditya,"Koramangala, Bangalore",1.85 Cr,1225,Ready to move Construction Status,0 - 1 year old1 BathroomsNew
104,1 BHK Independent Floor,"Sunkadakatte, Bangalore",52 L,500,Ready to move Construction Status,1 BathroomsNew North facing
105,3 BHK Apartment in Green Green City Eutopia,"BTM Layout, Bangalore",3.3 Cr,2600,Ready to move Construction Status,6 years old3 BathroomsNew
106,3 BHK Apartment in Suraj Ganga Socrates,"Talaghattapura, Bangalore",1.42 Cr,1790,Ready to move Construction Status,11 - 12 years old3 BathroomsResale
107,3 BHK Apartment in Provident Botanico,"Whitefield, Bangalore",1.42 Cr,1494,Under Construction Construction Status,Possession by Nov 20272 BathroomsNew
108,3 BHK Apartment,"Thurahalli, Bangalore",2.25 Cr,1800,Ready to move Construction Status,7 - 8 years old3 BathroomsResale
109,2 BHK Apartment in Provident Botanico,"Whitefield, Bangalore",1.02 Cr,1088,Under Construction Construction Status,Possession by Nov 20271 BathroomsNew
110,2 BHK Apartment in Provident Botanico,"Whitefield, Bangalore",89.9 L,986,Under Construction Construction Status,Possession by Nov 20271 BathroomsNew
111,3 BHK Apartment in Assetz Sun & Sanctum Phase 1,"Krishnarajapura, Bangalore",2.02 Cr,1630,Under Construction Construction Status,Possession by Sep 20253 BathroomsResale
112,3 BHK Apartment in Birla Alokya,"Whitefield Hope Farm Junction, Bangalore",2.72 Cr,2700,Ready to move Construction Status,1 year old4 BathroomsNew
113,4 BHK Apartment in Godrej United,"Mahadevapura, Bangalore",6.95 Cr,4882,Ready to move Construction Status,2 - 3 years old5 BathroomsResale
114,3 BHK Apartment in Sumadhura Folium,"Whitefield Hope Farm Junction, Bangalore",2.3 Cr,1520,Under Construction Construction Status,Possession by Nov 20253 BathroomsResale
115,3 BHK Apartment in Provident Botanico,"Whitefield, Bangalore",1.2 Cr,1334,Under Construction Construction Status,Possession by Nov 20272 BathroomsNew
116,3 BHK Apartment in Assetz Sun & Sanctum Phase 1,"Krishnarajapura, Bangalore",1.75 Cr,1427,Under Construction Construction Status,Possession by Sep 20252 BathroomsResale
117,2 BHK Apartment in Assetz Sun & Sanctum Phase 1,"Krishnarajapura, Bangalore",1.3 Cr,1221,Under Construction Construction Status,Possession by Sep 20252 BathroomsResale
118,4 BHK Apartment in Mantri Pinnacle,"Hulimavu, Bangalore",3.75 Cr,2891,Ready to move Construction Status,6 - 7 years old4 BathroomsResale
119,2 BHK Apartment in Prestige Boulevard,"Whitefield Hope Farm Junction, Bangalore",1.55 Cr,1068,Ready to move Construction Status,4 - 5 years old2 BathroomsResale
120,2 BHK Apartment in Bren Northern Lights,"Jakkur, Bangalore",85 L,790,Ready to move Construction Status,1 - 2 years old2 BathroomsResale
121,2 BHK Apartment,"Kada Agrahara, Bangalore",62 L,802,Ready to move Construction Status,2 BathroomsResale
122,3 BHK Apartment,"Bilekahalli, Bangalore",1.34 Cr,1777,Ready to move Construction Status,3 BathroomsResale North facing
123,1 RK Studio Apartment in Brigade Eden At Brigade Cornerstone Utopia,"Varthur, Bangalore",62 L,547,Ready to move Construction Status,0 - 1 year old1 BathroomsResale
124,3 BHK Apartment,"R T Nagar, Bangalore",86 L,1336,Under Construction Construction Status,2 BathroomsNew East facing
125,2 BHK Apartment in SLV Castle Mine,"Whitefield Hope Farm Junction, Bangalore",86.69 L,1221,Ready to move Construction Status,2 BathroomsNew
126,2 BHK Apartment in Elita Promenade,"JP Nagar Phase 7, Bangalore",1.7 Cr,1380,Ready to move Construction Status,11 - 12 years old2 BathroomsResale
127,3 BHK Apartment,"R T Nagar, Bangalore",95 L,1542,Ready to move Construction Status,4 - 5 years old2 BathroomsNew
128,3 BHK Apartment,"Nagarbhavi, Bangalore",1.8 Cr,2400,Ready to move Construction Status,3 BathroomsNew North facing
129,3 BHK Apartment,"Basaveswarnagar, Bangalore",1.55 Cr,1500,Ready to move Construction Status,3 BathroomsNew
130,5 BHK Independent House,"Basaveswarnagar, Bangalore",2.75 Cr,2500,Ready to move Construction Status,3 BathroomsResale South facing
131,3 BHK Apartment in Nitesh Caesars Palace,"Talaghattapura, Bangalore",1.35 Cr,1508,Ready to move Construction Status,5 - 6 years old3 BathroomsResale
132,3 BHK Apartment in Godrej United,"Mahadevapura, Bangalore",2.75 Cr,1485,Ready to move Construction Status,2 - 3 years old2 BathroomsResale
133,6 BHK Villa,"Banashankari, Bangalore",11 Cr,6100,Ready to move Construction Status,6 BathroomsResale
134,3 BHK Apartment,"Basaveswarnagar, Bangalore",2.5 Cr,2250,Ready to move Construction Status,3 BathroomsNew North facing
135,3 BHK Apartment in Reputed Builder Apartment,"Vignana Kendra, Bangalore",1.75 Cr,1850,Ready to move Construction Status,4 - 5 years old3 BathroomsNew
136,3 BHK Apartment in Reputed Builder Apartment,"Vignana Kendra, Bangalore",1.25 Cr,1400,Ready to move Construction Status,4 - 5 years old3 BathroomsNew
137,3 BHK Apartment,"Nandini Layout, Bangalore",1.2 Cr,1500,Ready to move Construction Status,2 BathroomsNew North facing
138,2 BHK Apartment,"Battarahalli, Bangalore",1.42 Cr,1259,Ready to move Construction Status,2 BathroomsNew South facing
139,3 BHK Apartment in Green Green City Eutopia,"BTM Layout, Bangalore",3.3 Cr,2600,Ready to move Construction Status,6 years old3 BathroomsNew
140,2 BHK Apartment in SLV Spring Fields,"Nagawara, Bangalore",69.5 L,1247,Ready to move Construction Status,12 - 13 years old2 BathroomsResale
141,2 BHK Apartment in Reputed Builder Varsha Residency,"Murugeshpalya, Bangalore",42.27 L,940,Ready to move Construction Status,4 - 5 years old2 BathroomsResale
142,3 BHK Apartment in Green Green City Eutopia,"BTM Layout, Bangalore",3.3 Cr,2600,Ready to move Construction Status,6 years old3 BathroomsNew
143,2 BHK Apartment,"Krishnarajapura, Bangalore",1.42 Cr,1280,Ready to move Construction Status,2 BathroomsNew NorthEast facing
144,2 BHK Apartment,"Krishnarajapura, Bangalore",1.42 Cr,1280,Ready to move Construction Status,2 BathroomsNew NorthEast facing
145,2 BHK Apartment in Pratham Zen Indraprastha By Pratham,"Yeshwantpur, Bangalore",1.45 Cr,1250,Ready to move Construction Status,3 years old2 BathroomsNew
146,2 BHK Independent House,"Indira Nagar, Bangalore",3.65 Cr,2800,Ready to move Construction Status,2 BathroomsResale
147,3 BHK Independent Floor,"Banashankari, Bangalore",2.5 Cr,2250,Ready to move Construction Status,3 BathroomsNew
148,3 BHK Apartment,"Ashok Nagar, Bangalore",1.5 Cr,1500,Ready to move Construction Status,3 BathroomsResale
149,2 BHK Apartment,"Kodihalli, Bangalore",1.34 Cr,1140,Ready to move Construction Status,2 BathroomsNew
150,4 BHK Independent House in Chandrashekar M A6 Residency,"Subramanyapura, Bangalore",1.55 Cr,2400,Ready to move Construction Status,0 - 1 year old4 BathroomsResale
151,3 BHK Apartment,"Kalena Agrahara, Bangalore",90 L,1500,Ready to move Construction Status,8 - 9 years old3 BathroomsNew
152,Residential Plot,"Shivaji Nagar, Bangalore",10.8 Cr,3600,Resale New/Resale,2 open sidesNorthWest facing
153,3 BHK Apartment in Mangalam Ankshu Ecstasy,"Krishnarajapura, Bangalore",1.9 Cr,1684,Ready to move Construction Status,4 years old3 BathroomsResale
154,3 BHK Villa in Nambiar Ellegenza Phase I,"Narayanaghatta, Bangalore",7 Cr,2594,Ready to move Construction Status,2 - 3 years old3 BathroomsNew
155,4 BHK Villa in Shriram Samskruti,"Brookefield, Bangalore",3.8 Cr,2845,Ready to move Construction Status,12 - 13 years old4 BathroomsResale
156,3 BHK Apartment in IDEB Springfields,"Sarjapur Road Till Wipro, Bangalore",2.6 Cr,1890,Ready to move Construction Status,19 - 20 years old3 BathroomsResale
157,2 BHK Apartment in DSR White Waters II,"Carmelaram, Bangalore",1.15 Cr,1109,Ready to move Construction Status,5 years old2 BathroomsResale
158,2 BHK Apartment in Prestige Boulevard,"Whitefield Hope Farm Junction, Bangalore",1.55 Cr,1068,Ready to move Construction Status,4 - 5 years old2 BathroomsResale
159,4 BHK Independent House,"Mallathahalli, Bangalore",1.41 Cr,2300,Ready to move Construction Status,4 BathroomsResale
160,5 BHK Independent House,"Annapurneshwari Nagar, Bangalore",2.36 Cr,4000,Ready to move Construction Status,8 years old2 BathroomsResale
161,3 BHK Apartment in Candeur Landmark,"Varthur, Bangalore",2.2 Cr,1675,Ready to move Construction Status,3 BathroomsResale
162,4 BHK Independent House,"Annapurneshwari Nagar, Bangalore",3.32 Cr,4300,Ready to move Construction Status,8 years old2 BathroomsNew
163,6 BHK Independent House,"Annapurneshwari Nagar, Bangalore",4.65 Cr,4800,Ready to move Construction Status,8 years old2 BathroomsNew
164,5 BHK Independent House,"Jnana Ganga Nagar, Bangalore",3.51 Cr,4500,Ready to move Construction Status,6 - 7 years old7 BathroomsNew
165,3 BHK Independent House,"Jnana Ganga Nagar, Bangalore",1.36 Cr,2400,Ready to move Construction Status,6 - 7 years old6 BathroomsNew
166,4 BHK Independent House,"Ullal Uppanagar, Bangalore",1.66 Cr,2400,Ready to move Construction Status,5 - 6 years old6 BathroomsNew
167,4 BHK Independent House,"Jnana Ganga Nagar, Bangalore",1.39 Cr,2500,Ready to move Construction Status,6 - 7 years old6 BathroomsNew
168,8 BHK Independent House,"Ullal Uppanagar, Bangalore",2.9 Cr,5200,Ready to move Construction Status,5 - 6 years old9 BathroomsNew
169,6 BHK Independent House,"Annapurneshwari Nagar, Bangalore",2.67 Cr,4500,Ready to move Construction Status,8 years old9 BathroomsResale
170,3 BHK Apartment,"Vijayanagar, Bangalore",1.8 Cr,1800,Ready to move Construction Status,3 BathroomsNew East facing
171,3 BHK Apartment,"Vijayanagar, Bangalore",1.91 Cr,1750,Ready to move Construction Status,3 BathroomsNew
172,3 BHK Apartment,"Nagarbhavi, Bangalore",1.95 Cr,2560,Ready to move Construction Status,3 BathroomsResale East facing
173,3 BHK Independent House,"Mallathahalli, Bangalore",1.52 Cr,2300,Ready to move Construction Status,4 BathroomsNew East facing
174,5 BHK Independent House,"Nagarbhavi, Bangalore",5 Cr,5000,Ready to move Construction Status,6 BathroomsNew North facing
175,3 BHK Independent House,"Mallathahalli, Bangalore",1.47 Cr,2200,Ready to move Construction Status,5 BathroomsNew North facing
176,3 BHK Independent House,"Annapurneshwari Nagar, Bangalore",1.65 Cr,2200,Ready to move Construction Status,8 years old5 BathroomsNew
177,3 BHK Independent House,"Annapurneshwari Nagar, Bangalore",2.3 Cr,4200,Ready to move Construction Status,8 years old1 BathroomsResale
178,3 BHK Independent House,"Annapurneshwari Nagar, Bangalore",1.65 Cr,2200,Ready to move Construction Status,8 years old3 BathroomsNew
179,4 BHK Independent House,"Annapurneshwari Nagar, Bangalore",4.5 Cr,4500,Ready to move Construction Status,8 years old6 BathroomsNew
180,3 BHK Independent House,"Ullal Uppanagar, Bangalore",1.43 Cr,2300,Ready to move Construction Status,5 - 6 years old4 BathroomsNew
181,3 BHK Independent House,"Ullal Uppanagar, Bangalore",1.46 Cr,2300,Ready to move Construction Status,5 - 6 years old5 BathroomsNew
182,2 BHK Apartment,"Nagarbhavi, Bangalore",75 L,1000,Ready to move Construction Status,2 BathroomsNew East facing
183,3 BHK Apartment,"Nagarbhavi, Bangalore",95 L,1350,Ready to move Construction Status,2 BathroomsNew East facing
184,3 BHK Independent House,"Annapurneshwari Nagar, Bangalore",1.46 Cr,2400,Ready to move Construction Status,8 years old1 BathroomsNew
185,3 BHK Independent House,"Annapurneshwari Nagar, Bangalore",1.5 Cr,2400,Ready to move Construction Status,8 years old3 BathroomsNew
186,2 BHK Apartment in Puravankara Purva Park Hill,"Konanakunte, Bangalore",90 L,1340,Ready to move Construction Status,2 BathroomsResale
187,4 BHK Apartment in Mantri Espana,"Bellandur, Bangalore",4.39 Cr,3785,Ready to move Construction Status,9 - 10 years old4 BathroomsResale
188,6 BHK Independent House,"Ullal Uppanagar, Bangalore",1.34 Cr,2400,Ready to move Construction Status,5 - 6 years old7 BathroomsResale
189,5 BHK Independent House,"Annapurneshwari Nagar, Bangalore",3.05 Cr,4300,Ready to move Construction Status,8 years old5 BathroomsNew
190,3 BHK Apartment in Rose Garden,"Bilekahalli, Bangalore",1.4 Cr,1541,Ready to move Construction Status,11 - 12 years old3 BathroomsResale
191,2 BHK Apartment in Mana Uber Verdant,"Sarjapur Road Wipro To Railway Crossing, Bangalore",1.75 Cr,1285,Ready to move Construction Status,8 years old2 BathroomsResale
192,Residential Plot,"Agrahara Layout, Bangalore",30 L,1200,New New/Resale,6 - 7 years old3 open sides
193,Residential Plot,"Kumbalgodu, Bangalore",41.15 L,1646,New New/Resale,1 open sidesWest facing
194,Residential Plot,"Kumbalgodu, Bangalore",31 L,1200,New New/Resale,1 open sidesWest facing
195,Residential Plot,"Kumbalgodu, Bangalore",29.75 L,1160,New New/Resale,1 open sidesEast facing
196,3 BHK Apartment in Brigade Laguna,"Jakkur, Bangalore",2.5 Cr,1888,Under Construction Construction Status,Possession by Nov 20253 BathroomsNew
197,3 BHK Apartment in Prestige Finsbury Park Regent,"Bagaluru Near Yelahanka, Bangalore",1.2 Cr,1224,Ready to move Construction Status,1 - 2 years old2 BathroomsNew
198,2 BHK Apartment in Prestige Finsbury Park Regent,"Bagaluru Near Yelahanka, Bangalore",99 L,999,Ready to move Construction Status,1 - 2 years old2 BathroomsNew
199,2 BHK Apartment in Hanumanthappa New Building,"Hulimavu, Bangalore",21 L,730,Ready to move Construction Status,1 - 2 years old2 BathroomsNew
200,3 BHK Apartment in Hanumanthappa New Building,"Hulimavu, Bangalore",59 L,1150,Ready to move Construction Status,1 - 2 years old2 BathroomsNew
201,3 BHK Apartment in Hanumanthappa New Building,"Hulimavu, Bangalore",69 L,1250,Under Construction Construction Status,2 BathroomsNew
202,4 BHK Independent House,"Mallathahalli, Bangalore",1.1 Cr,2000,Ready to move Construction Status,4 BathroomsResale
203,3 BHK Independent House,"Mallathahalli, Bangalore",1.15 Cr,1800,Ready to move Construction Status,3 BathroomsResale
204,4 BHK Independent House,"Mallathahalli, Bangalore",1.45 Cr,2100,Ready to move Construction Status,4 BathroomsResale
205,2 BHK Apartment,"Bommasandra, Bangalore",32.5 L,1002,Ready to move Construction Status,2 BathroomsNew North facing
206,3 BHK Apartment in Srinidhi Enclave,"Singasandra, Bangalore",66.5 L,1290,Under Construction Construction Status,Possession by Nov 20242 BathroomsNew
207,3 BHK Apartment in Srinidhi Enclave,"Singasandra, Bangalore",67.5 L,1290,Under Construction Construction Status,Possession by Nov 20242 BathroomsNew
208,2 BHK Apartment,"Electronics City, Bangalore",31.5 L,1002,Ready to move Construction Status,2 BathroomsNew East facing
209,2 BHK Apartment in Godrej Ananda Phase 2,"Bagalur, Bangalore",83 L,904,Ready to move Construction Status,2 BathroomsResale North facing
210,1 BHK Apartment in Prestige Finsbury Park Hyde,"Bagaluru Near Yelahanka, Bangalore",54.5 L,646,Ready to move Construction Status,1 - 2 years old1 BathroomsResale
211,1 BHK Apartment in Prestige Finsbury Park Hyde,"Bagaluru Near Yelahanka, Bangalore",55 L,646,Ready to move Construction Status,1 - 2 years old1 BathroomsResale
212,2 BHK Apartment,"Whitefield, Bangalore",1.95 Cr,1397,Ready to move Construction Status,7 - 8 years old2 BathroomsResale
213,3 BHK Apartment in Sobha Cinnamon,"Harlur, Bangalore",1.9 Cr,1724,Ready to move Construction Status,12 - 13 years old3 BathroomsResale
214,2 BHK Apartment in Vajram Newtown II,"Thanisandra, Bangalore",1.27 Cr,1332,Under Construction Construction Status,Possession by Dec 20272 BathroomsNew
215,2 BHK Apartment in Vajram Newtown II,"Thanisandra, Bangalore",1.18 Cr,1244,Under Construction Construction Status,Possession by Dec 20272 BathroomsNew
216,2 BHK Apartment in Vajram Newtown II,"Thanisandra, Bangalore",1.58 Cr,1600,Under Construction Construction Status,Possession by Dec 20272 BathroomsNew
217,2 BHK Apartment in Vajram Newtown II,"Thanisandra, Bangalore",1.28 Cr,1333,Under Construction Construction Status,Possession by Dec 20272 BathroomsNew
218,2 BHK Apartment in Vajram Newtown II,"Thanisandra, Bangalore",1.18 Cr,1243,Under Construction Construction Status,Possession by Dec 20272 BathroomsNew
219,2 BHK Independent Floor,"Mallathahalli, Bangalore",1.35 Cr,600,Ready to move Construction Status,2 BathroomsNew
220,2 BHK Apartment,"Electronics City, Bangalore",31.5 L,1002,Ready to move Construction Status,2 BathroomsNew East facing
221,2 BHK Apartment,"Bommasandra, Bangalore",32.5 L,1002,Ready to move Construction Status,2 BathroomsNew North facing
222,3 BHK Apartment in Srinidhi Enclave,"Singasandra, Bangalore",66.5 L,1290,Under Construction Construction Status,Possession by Nov 20242 BathroomsNew
223,3 BHK Apartment in Srinidhi Enclave,"Singasandra, Bangalore",67.5 L,1290,Under Construction Construction Status,Possession by Nov 20242 BathroomsNew
224,3 BHK Apartment in MJR North Park,"Bagalur, Bangalore",1.06 Cr,1519,Under Construction Construction Status,Possession by Nov 20273 BathroomsNew
225,1 BHK Apartment in Brigade Eden At Brigade Cornerstone Utopia,"Varthur, Bangalore",77 L,789,Ready to move Construction Status,0 - 1 year old1 BathroomsResale
226,2 BHK Apartment in Hiranandani Chancery,"Devanahalli, Bangalore",1.05 Cr,1190,Ready to move Construction Status,9 - 10 years old2 BathroomsResale
227,3 BHK Apartment,"Hosakerehalli, Bangalore",79.5 L,1320,Ready to move Construction Status,3 BathroomsNew
228,2 BHK Apartment,"Hosakerehalli, Bangalore",96 L,1500,Ready to move Construction Status,2 BathroomsNew East facing
229,2 BHK Apartment,"Hosakerehalli, Bangalore",62.41 L,1095,Ready to move Construction Status,2 BathroomsNew
230,2 BHK Apartment,"Hosakerehalli, Bangalore",59.56 L,1045,Ready to move Construction Status,2 BathroomsNew
231,3 BHK Apartment,"Uttarahalli Hobli, Bangalore",82 L,1425,Ready to move Construction Status,6 - 7 years old2 BathroomsNew
232,2 BHK Apartment,"Uttarahalli Hobli, Bangalore",60.3 L,1040,Ready to move Construction Status,6 - 7 years old2 BathroomsNew
233,3 BHK Independent Floor,"Padmanabhanagar, Bangalore",1.65 Cr,2300,Ready to move Construction Status,6 - 7 years old3 BathroomsNew
234,2 BHK Apartment in Shriram 107 Southeast Phase 3,"Attibele, Bangalore",51.72 L,752,Ready to move Construction Status,2 BathroomsNew East facing
235,Residential Plot,"Vibhutipura, Bangalore",9.59 L,960,New New/Resale,1 open sidesNorthEast facing
236,Residential Plot,"R.K. Hegde Nagar, Bangalore",8.99 L,900,New New/Resale,6 - 7 years old1 open sidesNorthEast facing
237,2 BHK Apartment in Ahad Serenity,"Hosa Road, Bangalore",1.06 Cr,1138,Ready to move Construction Status,0 - 1 year old2 BathroomsNew
238,2 BHK Apartment in Ahad Serenity,"Hosa Road, Bangalore",94 L,1000,Ready to move Construction Status,0 - 1 year old2 BathroomsNew
239,5 BHK Independent House,"Medahalli, Bangalore",1.3 Cr,2120,Ready to move Construction Status,4 BathroomsNew East facing
240,5 BHK Independent House,"Battarahalli, Bangalore",1.3 Cr,2100,Ready to move Construction Status,4 BathroomsNew East facing
241,5 BHK Independent House,"Battarahalli, Bangalore",1.3 Cr,2140,Ready to move Construction Status,4 BathroomsNew East facing
242,5 BHK Independent House,"Battarahalli, Bangalore",1.3 Cr,2160,Ready to move Construction Status,4 BathroomsNew East facing
243,5 BHK Independent House,"Krishnarajapura, Bangalore",1.3 Cr,2180,Ready to move Construction Status,4 BathroomsNew East facing
244,5 BHK Independent House,"Krishnarajapura, Bangalore",1.3 Cr,2260,Ready to move Construction Status,4 BathroomsNew East facing
245,3 BHK Apartment in Concorde Antares,"Vidyaranyapura, Bangalore",98.99 L,1448,Under Construction Construction Status,Possession by Dec 20283 BathroomsNew
246,3 BHK Apartment,"Shivaji Nagar, Bangalore",2.79 Cr,2146,Ready to move Construction Status,3 BathroomsResale
247,5 BHK Independent House,"Singasandra, Bangalore",3 Cr,4800,Under Construction Construction Status,4 BathroomsNew
248,5 BHK Independent House,"Kithaganur Colony, Bangalore",1.3 Cr,2240,Ready to move Construction Status,4 BathroomsNew East facing
249,5 BHK Independent House,"Bidare Agraha, Bangalore",1.3 Cr,2200,Ready to move Construction Status,6 - 7 years old4 BathroomsNew
250,3 BHK Apartment,"Parappana Agrahara, Bangalore",84 L,1456,Under Construction Construction Status,2 BathroomsNew East facing
251,4 BHK Independent House,"Krishnarajapura, Bangalore",90 L,1800,Ready to move Construction Status,4 BathroomsResale
252,Residential Plot in M And M Krishna Greens Midlake,"Doddaballapur, Bangalore",13.18 L,1200,New New/Resale,1 open sides
253,Residential Plot in M And M Krishna Greens Midlake,"Doddaballapur, Bangalore",16.48 L,1500,New New/Resale,1 open sides
254,Residential Plot in M And M Krishna Greens Midlake,"Doddaballapur, Bangalore",43.96 L,4000,New New/Resale,1 open sides
255,Residential Plot in M And M Krishna Greens Midlake,"Doddaballapur, Bangalore",16.48 L,1500,New New/Resale,1 open sides
256,Residential Plot in M And M Krishna Greens Midlake,"Doddaballapur, Bangalore",16.48 L,1500,New New/Resale,1 open sides
257,Residential Plot in M And M Krishna Greens Midlake,"Doddaballapur, Bangalore",16.48 L,1500,New New/Resale,1 open sides
258,Residential Plot in M And M Krishna Greens Midlake,"Doddaballapur, Bangalore",26.37 L,2400,New New/Resale,1 open sides
259,Residential Plot in M And M Krishna Greens Midlake,"Doddaballapur, Bangalore",13.18 L,1200,New New/Resale,1 open sides
260,Residential Plot in M And M Krishna Greens Midlake,"Doddaballapur, Bangalore",16.48 L,1500,New New/Resale,1 open sides
261,Residential Plot in M And M Krishna Greens Midlake,"Doddaballapur, Bangalore",16.48 L,1500,New New/Resale,1 open sides
262,Residential Plot in M And M Krishna Greens Midlake,"Doddaballapur, Bangalore",43.96 L,4000,New New/Resale,1 open sides
263,Residential Plot in M And M Krishna Greens Midlake,"Doddaballapur, Bangalore",16.48 L,1500,New New/Resale,1 open sides
264,Residential Plot in M And M Krishna Greens Midlake,"Doddaballapur, Bangalore",16.48 L,1500,New New/Resale,1 open sides
265,Residential Plot in M And M Krishna Greens Midlake,"Doddaballapur, Bangalore",43.96 L,4000,New New/Resale,1 open sides
266,Residential Plot in M And M Krishna Greens Midlake,"Doddaballapur, Bangalore",43.96 L,4000,New New/Resale,1 open sides
267,Residential Plot in M And M Krishna Greens Midlake,"Doddaballapur, Bangalore",16.48 L,1500,New New/Resale,1 open sides
268,Residential Plot,"Yelahanka New Town, Bangalore",1.9 Cr,2400,Resale New/Resale,8 - 9 years old1 open sides
269,Residential Plot,"Subramanyapura, Bangalore",1.25 Cr,890,Resale New/Resale,1 open sidesEast facing
270,4 BHK Apartment in Prestige Woodland Park,"Frazer Town, Bangalore",5 Cr,2766,Ready to move Construction Status,2 years old4 BathroomsResale
271,5 BHK Independent House,"Annapurneshwari Nagar, Bangalore",3.51 Cr,4800,Ready to move Construction Status,8 years old2 BathroomsNew
272,3 BHK Independent Floor,"Annapurneshwari Nagar, Bangalore",1.6 Cr,2200,Ready to move Construction Status,8 years old3 BathroomsNew
273,3 BHK Independent House,"Annapurneshwari Nagar, Bangalore",1.55 Cr,2400,Ready to move Construction Status,8 years old4 BathroomsNew
274,2 BHK Apartment in Provident PROVIDENT SUNWORTH CITY,"Kumbalgodu, Bangalore",53 L,900,Ready to move Construction Status,5 - 6 years old2 BathroomsResale
275,2 BHK Apartment in VBHC Palmhaven II Block C,"Kumbalgodu, Bangalore",39 L,900,Ready to move Construction Status,5 - 6 years old2 BathroomsResale
276,4 BHK Apartment in Reputed Builder Alps Estate,"Harlur, Bangalore",2.8 Cr,3500,Ready to move Construction Status,4 - 5 years old4 BathroomsResale
277,2 BHK Apartment in Sowparnika Unnathi,"Attibele, Bangalore",40 L,900,Ready to move Construction Status,2 - 3 years old1 BathroomsResale
278,3 BHK Apartment in Confident Leo,"Sarjapur Road Wipro To Railway Crossing, Bangalore",1.95 Cr,1567,Ready to move Construction Status,7 - 8 years old3 BathroomsResale
279,3 BHK Independent House,"Ullal Uppanagar, Bangalore",1.56 Cr,2300,Ready to move Construction Status,5 - 6 years old4 BathroomsNew
280,4 BHK Independent House,"Annapurneshwari Nagar, Bangalore",3.31 Cr,4500,Ready to move Construction Status,8 years old4 BathroomsNew
281,Residential Plot,"Ckikkakammana Halli, Bangalore",83 L,1836,Resale New/Resale,5 - 6 years old1 open sides
282,Residential Plot,"Bannerughatta, Bangalore",63 L,1395,Resale New/Resale,7 - 8 years old1 open sides
283,2 BHK Apartment in Mittal Elanza,"Kogilu, Bangalore",1.15 Cr,1210,Ready to move Construction Status,3 - 4 years old2 BathroomsNew
284,3 BHK Apartment in Vista Visista By Vista Spaces Okas,"Yelahanka, Bangalore",2.46 Cr,1963,Ready to move Construction Status,3 BathroomsNew East facing
285,2 BHK Apartment in Shriram The Poem,"Yeshwantpur, Bangalore",61 L,986,Under Construction Construction Status,Possession by Mar 20262 BathroomsNew
286,3 BHK Apartment,"Hoskote, Bangalore",1 Cr,1700,Under Construction Construction Status,3 BathroomsNew East facing
287,2 BHK Apartment,"Dandupalya, Bangalore",74 L,1140,Under Construction Construction Status,2 BathroomsNew East facing
288,2 BHK Apartment in Sumadhura Sushantham Phase I,"Sahakar Nagar, Bangalore",1.1 Cr,1250,Ready to move Construction Status,1 - 2 years old2 BathroomsNew
289,4 BHK Apartment in Shriram The Poem,"Yeshwantpur, Bangalore",1.23 Cr,1898,Under Construction Construction Status,Possession by Mar 20263 BathroomsNew
290,3 BHK Apartment in CNTC India The Presidential Tower,"Yeshwantpur, Bangalore",3.9 Cr,2310,Under Construction Construction Status,3 BathroomsNew East facing
291,2 BHK Apartment in Aryav Green Fields,"Hoodi, Bangalore",88 L,1183,Ready to move Construction Status,1 - 2 years old2 BathroomsResale
292,Residential Plot,"Bagalakunte, Bangalore",51.6 L,600,New New/Resale,2 open sidesEast facing
293,Residential Plot,"Bagalakunte, Bangalore",86 L,1000,New New/Resale,2 open sidesEast facing
294,5 BHK Independent House,"Sunkadakatte, Bangalore",83 L,2000,Ready to move Construction Status,4 BathroomsResale
295,2 BHK Independent House,"Hemmigepura, Bangalore",1.08 Cr,1200,Ready to move Construction Status,2 BathroomsNew
296,4 BHK Independent House,"Andrahalli, Bangalore",96 L,2000,Ready to move Construction Status,7 - 8 years old4 BathroomsResale
297,3 BHK Independent House,"Sunkadakatte, Bangalore",92 L,1200,Ready to move Construction Status,3 BathroomsResale
298,4 BHK Independent House,"Ullal Uppanagar, Bangalore",1.17 Cr,1900,Ready to move Construction Status,5 - 6 years old4 BathroomsNew
299,3 BHK Apartment in Vineyard Chrysolite,"Hennur, Bangalore",89 L,1433,Ready to move Construction Status,7 - 8 years old3 BathroomsResale
300,2 BHK Apartment,"Kengeri Satellite Town, Bangalore",95.5 L,1111,Ready to move Construction Status,2 BathroomsResale
301,2 BHK Apartment in CasaGrand Boulevard,"Chikkagubbi on Hennur Main Road, Bangalore",98 L,1179,Ready to move Construction Status,0 - 1 year old2 BathroomsResale
302,2 BHK Apartment in Shriram Smrithi,"Attibele, Bangalore",56.5 L,1150,Ready to move Construction Status,6 - 7 years old2 BathroomsResale
303,3 BHK Apartment,"Dommasandra Village, Bangalore",1.32 Cr,1354,Ready to move Construction Status,8 - 9 years old2 BathroomsResale
304,2 BHK Apartment in Brigade Golden Triangle,"Sannatammanahalli, Bangalore",1.2 Cr,1200,Ready to move Construction Status,6 - 7 years old2 BathroomsResale
305,2 BHK Apartment,"Begur, Bangalore",55 L,1038,Ready to move Construction Status,2 BathroomsNew East facing
306,3 BHK Apartment,"Singasandra, Bangalore",67.5 L,1265,Ready to move Construction Status,2 BathroomsNew East facing
307,2 BHK Apartment,"hongasandra bangalore, Bangalore",56.5 L,1086,Under Construction Construction Status,2 BathroomsNew East facing
308,3 BHK Apartment in Vaswani Exquisite,"Whitefield Hope Farm Junction, Bangalore",3.3 Cr,2300,Ready to move Construction Status,2 - 3 years old4 BathroomsResale
309,3 BHK Apartment in Prestige Waterford,"Whitefield Hope Farm Junction, Bangalore",3.45 Cr,2027,Under Construction Construction Status,4 BathroomsResale NorthEast facing
310,2 BHK Apartment,"Channanayakanapalya, Bangalore",1.06 Cr,1086,Ready to move Construction Status,5 - 6 years old2 BathroomsResale
311,3 BHK Apartment in Togetherments 2g Tula,"Krishnarajapura, Bangalore",1.56 Cr,1827,Ready to move Construction Status,0 - 1 year old3 BathroomsNew
312,3 BHK Apartment,"Singasandra, Bangalore",68 L,1265,Ready to move Construction Status,2 BathroomsNew East facing
313,3 BHK Apartment,"Singasandra, Bangalore",55 L,1265,Ready to move Construction Status,2 BathroomsNew East facing
314,1 BHK Apartment,"Electronics City, Bangalore",19 L,550,Ready to move Construction Status,2 BathroomsNew East facing
315,1 BHK Apartment,"Electronics City, Bangalore",21 L,546,Ready to move Construction Status,1 BathroomsNew East facing
316,1 BHK Apartment,"Electronics City, Bangalore",20.5 L,546,Ready to move Construction Status,1 BathroomsNew East facing
317,2 BHK Apartment,"hongasandra bangalore, Bangalore",57 L,1086,Under Construction Construction Status,2 BathroomsNew East facing
318,2 BHK Apartment,"Bommanahalli, Bangalore",56 L,1086,Under Construction Construction Status,2 BathroomsNew East facing
319,2 BHK Apartment,"hongasandra bangalore, Bangalore",55 L,1086,Under Construction Construction Status,2 BathroomsNew East facing
320,2 BHK Apartment in Shriram Smrithi,"Attibele, Bangalore",56.5 L,1150,Ready to move Construction Status,6 - 7 years old2 BathroomsResale
321,3 BHK Apartment,"Dommasandra Village, Bangalore",1.32 Cr,1354,Ready to move Construction Status,8 - 9 years old2 BathroomsResale
322,2 BHK Apartment in Brigade Golden Triangle,"Sannatammanahalli, Bangalore",1.2 Cr,1200,Ready to move Construction Status,6 - 7 years old2 BathroomsResale
323,3 BHK Apartment in Godrej Ananda Phase 2,"Bagalur, Bangalore",1.04 Cr,1229,Ready to move Construction Status,2 BathroomsResale
324,3 BHK Apartment,"Thanisandra, Bangalore",1.16 Cr,1810,Ready to move Construction Status,3 BathroomsResale
325,3 BHK Apartment in Pramuk Aqua Heights,"Electronic City Phase 1, Bangalore",1.45 Cr,1470,Ready to move Construction Status,9 - 10 years old3 BathroomsResale
326,3 BHK Apartment,"Indira Nagar, Bangalore",1.52 Cr,1480,Ready to move Construction Status,3 BathroomsResale
327,4 BHK Independent House,"Srinivaspura, Bangalore",2.99 Cr,4500,Ready to move Construction Status,8 years old4 BathroomsResale
328,1 BHK Apartment,"Electronics City, Bangalore",21.7 L,530,Ready to move Construction Status,1 BathroomsResale West facing
329,2 BHK Apartment,"Rayasandra, Bangalore",61 L,1053,Ready to move Construction Status,8 years old2 BathroomsResale
330,3 BHK Apartment in Togetherments 2g Tula,"Krishnarajapura, Bangalore",1.58 Cr,1830,Ready to move Construction Status,0 - 1 year old3 BathroomsNew
331,2 BHK Apartment in Shriram Smrithi,"Attibele, Bangalore",70.5 L,1270,Ready to move Construction Status,6 - 7 years old2 BathroomsResale
332,Residential Plot,"Kalyan Nagar, Bangalore",8.99 L,900,New New/Resale,1 open sidesNorthEast facing
333,Residential Plot,"BTM Layout, Bangalore",8.99 L,900,New New/Resale,1 open sidesSouth facing
334,3 BHK Apartment in Bhartiya Nikoo Homes,"Thanisandra Main Road, Bangalore",1.7 Cr,1565,Ready to move Construction Status,6 - 7 years old3 BathroomsResale
335,2 BHK Independent House,"Rampura, Bangalore",85 L,914,Ready to move Construction Status,6 - 7 years old2 BathroomsNew
336,2 BHK Independent House,"Whitefield, Bangalore",85 L,920,Ready to move Construction Status,7 - 8 years old2 BathroomsNew
337,2 BHK Independent House,"Hoodi, Bangalore",85 L,916,Ready to move Construction Status,2 BathroomsNew NorthEast facing
338,2 BHK Independent House,"Bidare Agraha, Bangalore",85 L,910,Ready to move Construction Status,6 - 7 years old2 BathroomsNew
339,2 BHK Independent House,"Hallehalli, Bangalore",85 L,910,Ready to move Construction Status,6 - 7 years old2 BathroomsNew
340,2 BHK Independent House,"Battarahalli, Bangalore",85 L,910,Ready to move Construction Status,2 BathroomsNew NorthEast facing
341,2 BHK Independent House,"Medahalli, Bangalore",85 L,910,Ready to move Construction Status,2 BathroomsNew NorthEast facing
342,2 BHK Independent House,"Varanasi, Bangalore",85 L,920,Ready to move Construction Status,7 - 8 years old2 BathroomsNew
343,2 BHK Independent House,"Aduru, Bangalore",85 L,930,Ready to move Construction Status,6 - 7 years old2 BathroomsNew
344,4 BHK Apartment in Prestige White Meadows,"Whitefield Hope Farm Junction, Bangalore",6 Cr,4051,Under Construction Construction Status,4 BathroomsNew East facing
345,3 BHK Apartment,"Budigere Cross, Bangalore",85 L,1305,Under Construction Construction Status,2 BathroomsNew North facing
346,3 BHK Apartment,"Budigere Cross, Bangalore",85 L,1305,Under Construction Construction Status,2 BathroomsNew North facing
347,Residential Plot,"Ramasandra, Bangalore",3.77 Cr,3020,Resale New/Resale,4 - 5 years old1 open sidesWest facing
348,Residential Plot in M And M Krishna Greens Midlake,"Doddaballapur, Bangalore",13.18 L,1200,New New/Resale,1 open sidesWest facing
349,Residential Plot,"Thanisandra, Bangalore",6.2 Cr,4000,New New/Resale,2 open sides
350,Residential Plot,"Indira Nagar, Bangalore",6.5 Cr,2120,Resale New/Resale,1 open sides
351,Residential Plot in M And M Krishna Greens Midlake,"Doddaballapur, Bangalore",43.96 L,4000,New New/Resale,Possession by Dec 20261 open sides
352,Residential Plot in M And M Krishna Greens Midlake,"Doddaballapur, Bangalore",26.37 L,2400,New New/Resale,Possession by Dec 20261 open sides
353,Residential Plot in M And M Krishna Greens Midlake,"Doddaballapur, Bangalore",16.48 L,1500,New New/Resale,Possession by Dec 20261 open sides
354,Residential Plot in M And M Krishna Greens Midlake,"Doddaballapur, Bangalore",13.18 L,1200,New New/Resale,Possession by Dec 20261 open sides
355,Residential Plot in M And M Krishna Greens Midlake,"Doddaballapur, Bangalore",43.96 L,4000,New New/Resale,1 open sidesNorthEast facing
356,Residential Plot in M And M Krishna Greens Midlake,"Doddaballapur, Bangalore",26.37 L,2400,New New/Resale,Possession by Dec 20261 open sides
357,Residential Plot in M And M Krishna Greens Midlake,"Doddaballapur, Bangalore",16.48 L,1500,New New/Resale,1 open sidesWest facing
358,Residential Plot in M And M Krishna Greens Midlake,"Doddaballapur, Bangalore",13.18 L,1200,New New/Resale,1 open sidesWest facing
359,Residential Plot in M And M Krishna Greens Midlake,"Doddaballapur, Bangalore",43.96 L,4000,New New/Resale,1 open sidesWest facing
360,Residential Plot in M And M Krishna Greens Midlake,"Doddaballapur, Bangalore",16.48 L,1500,New New/Resale,Possession by Dec 20261 open sides
361,Residential Plot in M And M Krishna Greens Midlake,"Doddaballapur, Bangalore",13.18 L,1200,New New/Resale,Possession by Dec 20261 open sides
362,Residential Plot in M And M Krishna Greens Midlake,"Doddaballapur, Bangalore",43.96 L,4000,New New/Resale,1 open sidesNorthEast facing
363,Residential Plot in M And M Krishna Greens Midlake,"Doddaballapur, Bangalore",26.37 L,2400,New New/Resale,Possession by Dec 20261 open sides
364,Residential Plot in M And M Krishna Greens Midlake,"Doddaballapur, Bangalore",16.48 L,1500,New New/Resale,1 open sidesWest facing
365,Residential Plot in M And M Krishna Greens Midlake,"Doddaballapur, Bangalore",13.18 L,1200,New New/Resale,1 open sidesWest facing
366,Residential Plot in M And M Krishna Greens Midlake,"Doddaballapur, Bangalore",43.96 L,4000,New New/Resale,1 open sidesWest facing
367,Residential Plot in M And M Krishna Greens Midlake,"Doddaballapur, Bangalore",26.37 L,2400,New New/Resale,1 open sidesEast facing
368,Residential Plot in M And M Krishna Greens Midlake,"Doddaballapur, Bangalore",16.48 L,1500,New New/Resale,Possession by Dec 20261 open sides
369,Residential Plot in M And M Krishna Greens Midlake,"Doddaballapur, Bangalore",13.18 L,1200,New New/Resale,Possession by Dec 20261 open sides
370,Residential Plot in M And M Krishna Greens Midlake,"Doddaballapur, Bangalore",43.96 L,4000,New New/Resale,Possession by Dec 20261 open sides
371,Residential Plot in M And M Krishna Greens Midlake,"Doddaballapur, Bangalore",26.37 L,2400,New New/Resale,Possession by Dec 20261 open sides
372,Residential Plot in M And M Krishna Greens Midlake,"Doddaballapur, Bangalore",16.48 L,1500,New New/Resale,Possession by Dec 20261 open sides
373,Residential Plot in M And M Krishna Greens Midlake,"Doddaballapur, Bangalore",13.18 L,1200,New New/Resale,Possession by Dec 20261 open sides
374,Residential Plot in M And M Krishna Greens Midlake,"Doddaballapur, Bangalore",43.96 L,4000,New New/Resale,1 open sidesWest facing
375,Residential Plot in M And M Krishna Greens Midlake,"Doddaballapur, Bangalore",26.37 L,2400,New New/Resale,1 open sidesSouthWest facing
376,Residential Plot in M And M Krishna Greens Midlake,"Doddaballapur, Bangalore",16.48 L,1500,New New/Resale,1 open sidesEast facing
377,Residential Plot in M And M Krishna Greens Midlake,"Doddaballapur, Bangalore",13.18 L,1200,New New/Resale,1 open sidesEast facing
378,Residential Plot in M And M Krishna Greens Midlake,"Doddaballapur, Bangalore",43.96 L,4000,New New/Resale,1 open sidesWest facing
379,Residential Plot in M And M Krishna Greens Midlake,"Doddaballapur, Bangalore",26.37 L,2400,New New/Resale,1 open sidesSouthWest facing
380,Residential Plot in M And M Krishna Greens Midlake,"Doddaballapur, Bangalore",13.18 L,1200,New New/Resale,1 open sidesWest facing
381,Residential Plot,"Thanisandra, Bangalore",6.2 Cr,4000,New New/Resale,2 open sides
382,2 BHK Apartment in Swaraj Homes Fazal Excalibur,"Frazer Town, Bangalore",1.15 Cr,1550,Ready to move Construction Status,2 BathroomsResale
383,2 BHK Apartment in Icon Honey Pool,"Bommasandra, Bangalore",37 L,1000,Ready to move Construction Status,10 - 11 years old2 BathroomsResale
384,3 BHK Apartment,"Jayanagar, Bangalore",1.1 Cr,1460,Ready to move Construction Status,3 BathroomsNew North facing
385,2 BHK Apartment,"Krishnarajapura, Bangalore",90 L,1200,Ready to move Construction Status,2 BathroomsResale
386,2 BHK Apartment in SLV Sannidhi Classic,"Horamavu, Bangalore",70 L,1300,Ready to move Construction Status,9 - 10 years old2 BathroomsResale
387,3 BHK Apartment,"Devanahalli, Bangalore",1.15 Cr,1700,Ready to move Construction Status,3 BathroomsResale
388,2 BHK Apartment in Janaadhar Janaadhar Shubha 2,"Anekal City, Bangalore",34 L,900,Ready to move Construction Status,2 BathroomsResale
389,2 BHK Apartment in Reputed Builder GM Nest Apartment,"Thanisandra, Bangalore",55 L,1050,Ready to move Construction Status,2 BathroomsResale
390,3 BHK Apartment,"Sompura, Bangalore",52 L,1389,Ready to move Construction Status,2 BathroomsResale
391,2 BHK Apartment,"Chamrajpet, Bangalore",1.25 Cr,1367,Ready to move Construction Status,2 BathroomsNew
392,2 BHK Apartment,"Hulimavu, Bangalore",45 L,1100,Ready to move Construction Status,2 BathroomsResale
393,2 BHK Apartment,"Kacharakanahalli Hennur Main Road, Bangalore",65 L,1300,Ready to move Construction Status,3 - 4 years old2 BathroomsResale
394,3 BHK Apartment in Prabhavathi Bliss I,"Begur, Bangalore",78 L,1550,Ready to move Construction Status,10 - 11 years old2 BathroomsResale
395,Residential Plot,"Krishnarajapura, Bangalore",1.13 Cr,1200,New New/Resale,1 open sidesEast facing
396,Residential Plot in Sizzle Serenity Woods,"Kadugodi, Bangalore",63.2 L,800,New New/Resale,0 - 1 year old1 open sidesNorthEast facing
397,Residential Plot,"Krishnarajapura, Bangalore",1.18 Cr,1500,New New/Resale,1 open sidesWest facing
398,Residential Plot in Sizzle Serenity Woods,"Kadugodi, Bangalore",94.8 L,1200,New New/Resale,0 - 1 year old1 open sidesNorthEast facing
399,Residential Plot in Sizzle Sidvin Horizon,"Krishnarajapura, Bangalore",68.8 L,800,New New/Resale,0 - 1 year old1 open sidesSouthWest facing
400,Residential Plot,"Krishnarajapura, Bangalore",1.18 Cr,1500,New New/Resale,1 open sidesWest facing
401,Residential Plot in Sizzle Serenity Woods,"Kadugodi, Bangalore",94.8 L,1200,New New/Resale,0 - 1 year old1 open sidesNorthEast facing
402,Residential Plot in Sizzle Sidvin Horizon,"Krishnarajapura, Bangalore",68.8 L,800,New New/Resale,0 - 1 year old1 open sidesSouthWest facing
403,Residential Plot,"Sannatammanahalli, Bangalore",77.4 L,900,New New/Resale,6 - 7 years old1 open sidesSouth facing
404,Residential Plot,"Sannatammanahalli, Bangalore",68.8 L,800,New New/Resale,6 - 7 years old1 open sidesSouthWest facing
405,Residential Plot,"Sannatammanahalli, Bangalore",77.4 L,900,New New/Resale,6 - 7 years old1 open sidesSouthWest facing
406,Residential Plot in Sizzle Serenity Woods,"Kadugodi, Bangalore",94.81 L,1200,New New/Resale,0 - 1 year old1 open sidesSouthWest facing
407,Residential Plot,"Sannatammanahalli, Bangalore",1.03 Cr,1200,New New/Resale,6 - 7 years old1 open sidesEast facing
408,Residential Plot,"Krishnarajapura, Bangalore",56.7 L,600,New New/Resale,1 open sidesEast facing
409,Residential Plot,"Krishnarajapura, Bangalore",75.6 L,800,New New/Resale,1 open sidesSouthWest facing
410,Residential Plot,"Sannatammanahalli, Bangalore",51.6 L,600,New New/Resale,6 - 7 years old1 open sidesEast facing
411,Residential Plot in Sizzle Serenity Woods,"Kadugodi, Bangalore",94.8 L,1200,New New/Resale,0 - 1 year old1 open sidesEast facing
412,Residential Plot,"Krishnarajapura, Bangalore",1.13 Cr,1200,New New/Resale,1 open sidesSouthWest facing
413,Residential Plot,"Krishnarajapura, Bangalore",94.5 L,1000,New New/Resale,1 open sidesSouthWest facing
414,Residential Plot in Sizzle Serenity Woods,"Kadugodi, Bangalore",79 L,1000,New New/Resale,0 - 1 year old1 open sidesEast facing
415,Residential Plot in Sizzle Sidvin Horizon,"Krishnarajapura, Bangalore",77.41 L,900,New New/Resale,0 - 1 year old1 open sidesWest facing
416,Residential Plot,"Konadasapura, Bangalore",86 L,1000,New New/Resale,6 years old1 open sidesEast facing
417,Residential Plot,"Konadasapura, Bangalore",86.05 L,1000,New New/Resale,6 years old1 open sidesWest facing
418,Residential Plot,"Konadasapura, Bangalore",85.05 L,900,New New/Resale,6 years old1 open sidesWest facing
419,Residential Plot,"Konadasapura, Bangalore",1.13 Cr,1200,New New/Resale,6 years old1 open sidesWest facing
420,Residential Plot,"Krishnarajapura, Bangalore",86 L,1000,New New/Resale,1 open sidesEast facing
421,Residential Plot in Sizzle Serenity Woods,"Kadugodi, Bangalore",94.8 L,1200,New New/Resale,0 - 1 year old1 open sidesSouthWest facing
422,Residential Plot in Sizzle Serenity Woods,"Kadugodi, Bangalore",94.8 L,1200,New New/Resale,0 - 1 year old1 open sidesEast facing
423,3 BHK Apartment in CasaGrand Amor,"Begur, Bangalore",1.2 Cr,1754,Under Construction Construction Status,Possession by Aug 20263 BathroomsNew
424,3 BHK Apartment in Hanumanthappa New Building,"Hulimavu, Bangalore",35.5 L,1130,Ready to move Construction Status,1 - 2 years old2 BathroomsNew
425,Residential Plot,"Ullal Uppanagar, Bangalore",1.35 Cr,1500,New New/Resale,5 - 6 years old1 open sidesNorth facing
426,Residential Plot,"Ullal Uppanagar, Bangalore",1.26 Cr,1200,New New/Resale,5 - 6 years old1 open sidesSouth facing
427,Residential Plot,"Vishveshwaraya Nagar, Bangalore",70 L,600,New New/Resale,6 - 7 years old1 open sidesSouth facing
428,Residential Plot,"Mallathahalli, Bangalore",1.5 Cr,1200,New New/Resale,2 open sidesEast facing
429,Residential Plot,"Annapurneshwari Nagar, Bangalore",1.56 Cr,1200,New New/Resale,8 years old1 open sidesWest facing
430,Residential Plot,"Ullal Uppanagar, Bangalore",2.58 Cr,2400,New New/Resale,5 - 6 years old1 open sidesWest facing
431,Residential Plot,"Ramasandra, Bangalore",2.1 Cr,2400,New New/Resale,4 - 5 years old1 open sidesWest facing
432,Residential Plot,"Ramasandra, Bangalore",1.27 Cr,1500,New New/Resale,4 - 5 years old1 open sidesWest facing
433,Residential Plot,"SMV Layout, Bangalore",1.33 Cr,1540,New New/Resale,1 open sidesEast facing
434,Residential Plot,"Laggere, Bangalore",90 L,1200,New New/Resale,8 - 9 years old2 open sidesSouthEast facing
435,Residential Plot,"Andrahalli, Bangalore",30 L,600,New New/Resale,7 - 8 years old1 open sidesEast facing
436,Residential Plot,"Jnana Ganga Nagar, Bangalore",1.14 Cr,1200,New New/Resale,6 - 7 years oldNorth facing
437,Residential Plot,"Jnana Ganga Nagar, Bangalore",1.68 Cr,2400,New New/Resale,6 - 7 years oldSouth facing
438,Residential Plot,"Ramasandra, Bangalore",1.32 Cr,1200,New New/Resale,4 - 5 years oldNorth facing
439,Residential Plot,"Ramasandra, Bangalore",1.87 Cr,2400,New New/Resale,4 - 5 years oldEast facing
